{
  "images" : [
    {
      "filename" : "back-arrow-black-icon.png",
      "idiom" : "universal",
      "language-direction" : "left-to-right",
      "scale" : "1x"
    },
    {
      "idiom" : "universal",
      "language-direction" : "right-to-left",
      "scale" : "1x"
    },
    {
      "filename" : "back-arrow-black-icon@2x.png",
      "idiom" : "universal",
      "language-direction" : "left-to-right",
      "scale" : "2x"
    },
    {
      "idiom" : "universal",
      "language-direction" : "right-to-left",
      "scale" : "2x"
    },
    {
      "filename" : "back-arrow-black-icon@3x.png",
      "idiom" : "universal",
      "language-direction" : "left-to-right",
      "scale" : "3x"
    },
    {
      "idiom" : "universal",
      "language-direction" : "right-to-left",
      "scale" : "3x"
    }
  ],
  "info" : {
    "author" : "xcode",
    "version" : 1
  }
}
