[{"name":"Afghanistan","code":"AF"},{"name":"Albania","code":"AL"},{"name":"Antarctica","dial_code":"+672","code":"AQ"},{"name":"Antigua and Barbuda","dial_code":"+1268","code":"AG"},{"name":"Argentina","dial_code":"+54","code":"AR"},{"name":"Armenia","dial_code":"+374","code":"AM"},{"name":"Aruba","dial_code":"+297","code":"AW"},{"name":"Bangladesh","dial_code":"+880","code":"BD"},{"name":"Barbados","dial_code":"+1 246","code":"BB"},{"name":"Bosnia and Herzegovina","dial_code":"+387","code":"BA"},{"name":"Brunei Darussalam","dial_code":"+673","code":"BN"},{"name":"Canada","dial_code":"+1","code":"CA"},{"name":"Cape Verde","dial_code":"+238","code":"CV"},{"name":"Cayman Islands","dial_code":"+ 345","code":"KY"},{"name":"Central African Republic","dial_code":"+236","code":"CF"},{"name":"Dominican Republic","dial_code":"+1 849","code":"DO"},{"name":"Ecuador","dial_code":"+593","code":"EC"},{"name":"Egypt","dial_code":"+20","code":"EG"},{"name":"El Salvador","dial_code":"+503","code":"SV"},{"name":"Equatorial Guinea","dial_code":"+240","code":"GQ"},{"name":"Eritrea","dial_code":"+291","code":"ER"},{"name":"Estonia","dial_code":"+372","code":"EE"},{"name":"Ethiopia","dial_code":"+251","code":"ET"},{"name":"Guinea-Bissau","dial_code":"+245","code":"GW"},{"name":"Guyana","dial_code":"+595","code":"GY"},{"name":"Haiti","dial_code":"+509","code":"HT"},{"name":"Holy See (Vatican City State)","dial_code":"+379","code":"VA"},{"name":"Indonesia","dial_code":"+62","code":"ID"},{"name":"Iran, Islamic Republic of","dial_code":"+98","code":"IR"},{"name":"Iraq","dial_code":"+964","code":"IQ"},{"name":"India","dial_code":"+91","code":"IN"},{"name":"Ireland","dial_code":"+353","code":"IE"},{"name":"Isle of Man","dial_code":"+44","code":"IM"},{"name":"Israel","dial_code":"+972","code":"IL"},{"name":"Italy","dial_code":"+39","code":"IT"},{"name":"Jamaica","dial_code":"+1 876","code":"JM"},{"name":"Japan","dial_code":"+81","code":"JP"},{"name":"Jersey","dial_code":"+44","code":"JE"},{"name":"Jordan","dial_code":"+962","code":"JO"},{"name":"Korea, Republic of","dial_code":"+82","code":"KR"},{"name":"Kuwait","dial_code":"+965","code":"KW"},{"name":"Kyrgyzstan","dial_code":"+996","code":"KG"},{"name":"Lao People's Democratic Republic","dial_code":"+856","code":"LA"},{"name":"Latvia","dial_code":"+371","code":"LV"},{"name":"Lebanon","dial_code":"+961","code":"LB"},{"name":"Lesotho","dial_code":"+266","code":"LS"},{"name":"Liberia","dial_code":"+231","code":"LR"},{"name":"Libyan Arab Jamahiriya","dial_code":"+218","code":"LY"},{"name":"Liechtenstein","dial_code":"+423","code":"LI"},{"name":"Lithuania","dial_code":"+370","code":"LT"},{"name":"Luxembourg","dial_code":"+352","code":"LU"},{"name":"Macao","dial_code":"+853","code":"MO"},{"name":"Micronesia, Federated States of","dial_code":"+691","code":"FM"},{"name":"Moldova, Republic of","dial_code":"+373","code":"MD"},{"name":"New Caledonia","dial_code":"+687","code":"NC"},{"name":"New Zealand","dial_code":"+64","code":"NZ"},{"name":"Nicaragua","dial_code":"+505","code":"NI"},{"name":"Niger","dial_code":"+227","code":"NE"},{"name":"Nigeria","dial_code":"+234","code":"NG"}]
